Brand,Rating,Price,Discount
REDMI 9i Sport (Carbon Black 64 GB),4.4,8799,12% off
realme C21Y (Cross Blue 64 GB),4.5,9999,9% off
realme C21Y (Cross Blue 32 GB),4.5,8999,10% off
realme C21Y (Cross Black 64 GB),4.5,9999,9% off
realme C21Y (Cross Black 32 GB),4.5,8999,10% off
SAMSUNG Galaxy F12 (Sky Blue 64 GB),4.2,9499,26% off
SAMSUNG Galaxy F12 (Celestial Black 64 GB),4.2,9499,26% off
realme C11 2021 (Cool Grey 32 GB),4.4,6799,15% off
POCO M3 (Cool Blue 64 GB),4.3,11499,11% off
realme C11 2021 (Cool Grey 64 GB),4.3,8049,19% off
realme C11 2021 (Cool Blue 64 GB),4.3,8049,19% off
realme Narzo 50A (Oxygen Green 64 GB),4.5,11499,11% off
realme Narzo 50A (Oxygen Blue 64 GB),4.5,11499,11% off
SAMSUNG Galaxy F12 (Sea Green 64 GB),4.2,9499,26% off
realme C11 2021 (Cool Blue 32 GB),4.4,6799,15% off
realme Narzo 50A (Oxygen Blue 128 GB),4.5,12499,10% off
realme Narzo 50A (Oxygen Green 128 GB),4.5,12499,10% off
MOTOROLA e40 (Carbon Gray 64 GB),4.4,9499,13% off
realme 8i (Space Purple 64 GB),4.5,13999,12% off
realme 8i (Space Black 64 GB),4.5,13999,12% off
Infinix Hot 10 Play (7° Purple 32 GB),4.3,7799,22% off
Infinix Hot 10 Play (Obsidian Black 32 GB),4.3,7799,22% off
realme Narzo 30 (Racing Blue 64 GB),4.3,14499,9% off
realme Narzo 30 (Racing Silver 64 GB),4.3,14499,9% off
